X,Y,id,name
151.186451289851,-33.8897799429073,1,George
151.084287741214,-33.8301526642193,2,Jerry
151.093740596248,-33.9508735243942,3,Cosmo
